{
  "project_info": {
    "project_number": "51422957336",
    "project_id": "preservamos-pnud",
    "storage_bucket": "preservamos-pnud.appspot.com"
  },
  "client": [
    {
      "client_info": {
        "mobilesdk_app_id": "1:51422957336:android:6e09c72cff7bd19061986d",
        "android_client_info": {
          "package_name": "appear.pnud.preservamos"
        }
      },
      "oauth_client": [
        {
          "client_id": "51422957336-o68t4pjgk3m7ak16fv7vhocnfepc4d6o.apps.googleusercontent.com",
          "client_type": 3
        }
      ],
      "api_key": [
        {
          "current_key": "AIzaSyA_ljLgfAcg6d52i1lOzn0BIXv8oaVg0H8"
        }
      ],
      "services": {
        "appinvite_service": {
          "other_platform_oauth_client": [
            {
              "client_id": "51422957336-o68t4pjgk3m7ak16fv7vhocnfepc4d6o.apps.googleusercontent.com",
              "client_type": 3
            }
          ]
        }
      }
    }
  ],
  "configuration_version": "1"
}